user_id	note_id	filename	created_at
admin	84a349f7-cd16-49c0-a989-16d95801381a	84a349f7-cd16-49c0-a989-16d95801381a.txt	2025-01-26 21:50:52
admin	bf6a0f17-32d3-444d-a214-73b4648f2891	bf6a0f17-32d3-444d-a214-73b4648f2891.txt	2025-01-26 21:59:40
admin	c9f05d7f-ab22-4ad9-acf7-e01f5eb93e0c	c9f05d7f-ab22-4ad9-acf7-e01f5eb93e0c.txt	2025-01-26 22:02:27
user1	577ad09d-618d-43b8-be63-6cdf96aca60a	577ad09d-618d-43b8-be63-6cdf96aca60a.txt	2025-01-26 22:06:02
admin	be70cc90-394a-4480-8b01-f561b973047d	be70cc90-394a-4480-8b01-f561b973047d.txt	2025-01-26 23:07:23
admin	3f38c944-fb51-4ca8-ae5d-7917bbb487c6	3f38c944-fb51-4ca8-ae5d-7917bbb487c6.txt	2025-01-26 23:07:32
admin	0de341c9-7f87-4b9c-96e2-67fe63204310	0de341c9-7f87-4b9c-96e2-67fe63204310.txt	2025-01-26 23:07:34
admin	fa87597a-5524-4330-877a-d3ad6659696a	fa87597a-5524-4330-877a-d3ad6659696a.txt	2025-01-26 23:07:36
admin	d4a3bdbd-bd92-4909-8a7c-37fbaaea3b3f	d4a3bdbd-bd92-4909-8a7c-37fbaaea3b3f.txt	2025-01-26 23:20:32
